total_packages,11473
total_cost,23568.82
per_package_cost,2.0542857142857143
infeasible_packages,0
amzl_direct_percentage,6.1012812690665035
amzl_indirect_percentage,47.82532903338272
ddu_percentage,11.435544321450362
3p_percentage,34.637845376100415
